When We Dead Awaken;['4782', '861', 'Ibsen, Henrik', 'When We Dead Awaken', 'NA', 'en', 'TRUE']
The Game;['1160', '120', 'London, Jack', 'The Game', 'NA', 'en', 'TRUE']
Dickory Cronke: The Dumb Philosopher, or, Great Britain's Wonder;"['2051', '204', 'Defoe, Daniel', ""Dickory Cronke: The Dumb Philosopher, or, Great Britain's Wonder"", 'NA', 'en', 'TRUE']"
Phaedo;['1658', '93', 'Plato', 'Phaedo', 'Harvard Classics', 'en', 'TRUE']
"Lord Arthur Savile's Crime; The Portrait of Mr. W.H., and Other Stories";"['773', '111', 'Wilde, Oscar', ""Lord Arthur Savile's Crime; The Portrait of Mr. W.H., and Other Stories"", 'Contemporary Reviews', 'en', 'TRUE']"
Lady Inger of Ostrat: Henrik Ibsen's Prose Dramas Vol III;"['19018', '861', 'Ibsen, Henrik', ""Lady Inger of Ostrat: Henrik Ibsen's Prose Dramas Vol III"", 'NA', 'en', 'TRUE']"
For Love of the King: A Burmese Masque;['23229', '111', 'Wilde, Oscar', 'For Love of the King: A Burmese Masque', 'NA', 'en', 'TRUE']
Mansfield Park;['141', '68', 'Austen, Jane', 'Mansfield Park', 'NA', 'en', 'TRUE']
The Grand Inquisitor;['8578', '314', 'Dostoyevsky, Fyodor', 'The Grand Inquisitor', 'Racism', 'en', 'TRUE']
A Lover's Complaint;"['1543', '65', 'Shakespeare, William', ""A Lover's Complaint"", 'NA', 'en', 'TRUE']"
Master Humphrey's Clock;"['588', '37', 'Dickens, Charles', ""Master Humphrey's Clock"", 'NA', 'en', 'TRUE']"
The Battle of Life. A Love Story;['40723', '37', 'Dickens, Charles', 'The Battle of Life. A Love Story', 'NA', 'en', 'TRUE']
In Morocco;['11104', '104', 'Wharton, Edith', 'In Morocco', 'NA', 'en', 'TRUE']
A Horse's Tale;"['1086', '53', 'Twain, Mark', ""A Horse's Tale"", 'NA', 'en', 'TRUE']"
Daniel Deronda;['7469', '90', 'Eliot, George', 'Daniel Deronda', 'NA', 'en', 'TRUE']
Silas Marner;['550', '90', 'Eliot, George', 'Silas Marner', 'NA', 'en', 'TRUE']
Love and Freindship [sic];['1212', '68', 'Austen, Jane', 'Love and Freindship [sic]', 'NA', 'en', 'TRUE']
A Tramp Abroad — Volume 07;['5788', '53', 'Twain, Mark', 'A Tramp Abroad — Volume 07', 'NA', 'en', 'TRUE']
Sanctuary;['7517', '104', 'Wharton, Edith', 'Sanctuary', 'NA', 'en', 'TRUE']
The Tragedy of Coriolanus;['1535', '65', 'Shakespeare, William', 'The Tragedy of Coriolanus', 'NA', 'en', 'TRUE']
"The Temptation of St. Antony; Or, A Revelation of the Soul";"['25053', '574', 'Flaubert, Gustave', 'The Temptation of St. Antony; Or, A Revelation of the Soul', ""Banned Books from Anne Haight's list"", 'en', 'TRUE']"
The Greater Inclination;['9190', '104', 'Wharton, Edith', 'The Greater Inclination', 'NA', 'en', 'TRUE']
Scenes of Clerical Life;['17780', '90', 'Eliot, George', 'Scenes of Clerical Life', 'NA', 'en', 'TRUE']
Miscellanies;['14062', '111', 'Wilde, Oscar', 'Miscellanies', 'NA', 'en', 'TRUE']
Ulysses;"['4300', '1039', 'Joyce, James', 'Ulysses', ""Banned Books from Anne Haight's list/Erotic Fiction/Best Books Ever Listings"", 'en', 'TRUE']"
Twenty-Four Unusual Stories for Boys and Girls;['34618', '37125', 'Tyler, Anna Cogswell', 'Twenty-Four Unusual Stories for Boys and Girls', 'NA', 'en', 'TRUE']
Reprinted Pieces;['872', '37', 'Dickens, Charles', 'Reprinted Pieces', 'NA', 'en', 'TRUE']
The Innocents Abroad — Volume 06;['5693', '53', 'Twain, Mark', 'The Innocents Abroad — Volume 06', 'NA', 'en', 'TRUE']
Rhyme? And Reason?;['33582', '7', 'Carroll, Lewis', 'Rhyme? And Reason?', 'NA', 'en', 'TRUE']
The Tragedy of Pudd'nhead Wilson;"['102', '53', 'Twain, Mark', ""The Tragedy of Pudd'nhead Wilson"", 'NA', 'en', 'TRUE']"
Doctor Marigold;['1415', '37', 'Dickens, Charles', 'Doctor Marigold', 'NA', 'en', 'TRUE']
Pride and Prejudice;['1342', '68', 'Austen, Jane', 'Pride and Prejudice', 'Best Books Ever Listings/Harvard Classics', 'en', 'TRUE']
Persuasion;['105', '68', 'Austen, Jane', 'Persuasion', 'NA', 'en', 'TRUE']
Adam Bede;"['507', '90', 'Eliot, George', 'Adam Bede', ""Banned Books from Anne Haight's list/Historical Fiction"", 'en', 'TRUE']"
The Mutiny of the Elsinore;['2415', '120', 'London, Jack', 'The Mutiny of the Elsinore', 'NA', 'en', 'TRUE']
Night and Day;['1245', '89', 'Woolf, Virginia', 'Night and Day', 'NA', 'en', 'TRUE']
The History of Troilus and Cressida;['1528', '65', 'Shakespeare, William', 'The History of Troilus and Cressida', 'NA', 'en', 'TRUE']
A Tale of Two Cities;['98', '37', 'Dickens, Charles', 'A Tale of Two Cities', 'Historical Fiction', 'en', 'TRUE']
Selected Prose of Oscar Wilde;['1338', '111', 'Wilde, Oscar', 'Selected Prose of Oscar Wilde', 'NA', 'en', 'TRUE']
The American Claimant;['3179', '53', 'Twain, Mark', 'The American Claimant', 'NA', 'en', 'TRUE']
"Eight Cousins; Or, The Aunt-Hill";"['38567', '102', 'Alcott, Louisa May', 'Eight Cousins; Or, The Aunt-Hill', 'NA', 'en', 'TRUE']"
The Hermit and the Wild Woman, and Other Stories;['4533', '104', 'Wharton, Edith', 'The Hermit and the Wild Woman, and Other Stories', 'NA', 'en', 'TRUE']
Lost Face;['2429', '120', 'London, Jack', 'Lost Face', 'NA', 'en', 'TRUE']
Revolution, and Other Essays;['4953', '120', 'London, Jack', 'Revolution, and Other Essays', 'NA', 'en', 'TRUE']
Intentions;['887', '111', 'Wilde, Oscar', 'Intentions', 'Contemporary Reviews', 'en', 'TRUE']
The House of Pride, and Other Tales of Hawaii;['2416', '120', 'London, Jack', 'The House of Pride, and Other Tales of Hawaii', 'NA', 'en', 'TRUE']
Shakespeare's Tragedy of Romeo and Juliet;"['47960', '65', 'Shakespeare, William', ""Shakespeare's Tragedy of Romeo and Juliet"", 'NA', 'en', 'TRUE']"
Dubliners;"['2814', '1039', 'Joyce, James', 'Dubliners', ""Banned Books from Anne Haight's list"", 'en', 'TRUE']"
Tom Sawyer Abroad;['91', '53', 'Twain, Mark', 'Tom Sawyer Abroad', 'NA', 'en', 'TRUE']
Mark Twain's Speeches;"['3188', '53', 'Twain, Mark', ""Mark Twain's Speeches"", 'NA', 'en', 'TRUE']"
Dombey and Son;['821', '37', 'Dickens, Charles', 'Dombey and Son', 'NA', 'en', 'TRUE']
A Simple Soul;['1253', '574', 'Flaubert, Gustave', 'A Simple Soul', 'NA', 'en', 'TRUE']
Through the Looking-Glass;"['12', '7', 'Carroll, Lewis', 'Through the Looking-Glass', ""Children's Literature/Best Books Ever Listings"", 'en', 'TRUE']"
Goldsmith's Friend Abroad Again;"['3191', '53', 'Twain, Mark', ""Goldsmith's Friend Abroad Again"", 'NA', 'en', 'TRUE']"
Jerry of the Islands;['1161', '120', 'London, Jack', 'Jerry of the Islands', 'NA', 'en', 'TRUE']
O Pioneers!;['24', '22', 'Cather, Willa', 'O Pioneers!', 'NA', 'en', 'TRUE']
"Miscellaneous Aphorisms; The Soul of Man";"['33979', '111', 'Wilde, Oscar', 'Miscellaneous Aphorisms; The Soul of Man', 'NA', 'en', 'TRUE']"
At Fault;['23810', '100', 'Chopin, Kate', 'At Fault', 'NA', 'en', 'TRUE']
Euthydemus;['1598', '93', 'Plato', 'Euthydemus', 'NA', 'en', 'TRUE']
The Storm. An Essay.;['41063', '204', 'Defoe, Daniel', 'The Storm. An Essay.', 'NA', 'en', 'TRUE']
How to Tell a Story, and Other Essays;['3250', '53', 'Twain, Mark', 'How to Tell a Story, and Other Essays', 'NA', 'en', 'TRUE']
Atalantis Major;['26940', '204', 'Defoe, Daniel', 'Atalantis Major', 'NA', 'en', 'TRUE']
King Henry IV, Second Part;['1518', '65', 'Shakespeare, William', 'King Henry IV, Second Part', 'NA', 'en', 'TRUE']
The Touchstone;['267', '104', 'Wharton, Edith', 'The Touchstone', 'NA', 'en', 'TRUE']
The Return of the Soldier;['37189', '6499', 'West, Rebecca', 'The Return of the Soldier', 'NA', 'en', 'TRUE']
The Holly-Tree;['1394', '37', 'Dickens, Charles', 'The Holly-Tree', 'NA', 'en', 'TRUE']
Proserpine and Midas;['6447', '61', 'Shelley, Mary Wollstonecraft', 'Proserpine and Midas', 'NA', 'en', 'TRUE']
King Henry VI, First Part;['1500', '65', 'Shakespeare, William', 'King Henry VI, First Part', 'NA', 'en', 'TRUE']
Henry VI, Part 3;['2256', '65', 'Shakespeare, William', 'Henry VI, Part 3', 'NA', 'en', 'TRUE']
Middlemarch;['145', '90', 'Eliot, George', 'Middlemarch', 'Historical Fiction/Best Books Ever Listings', 'en', 'TRUE']
Symbolic Logic;['28696', '7', 'Carroll, Lewis', 'Symbolic Logic', 'Philosophy', 'en', 'TRUE']
Menexenus;['1682', '93', 'Plato', 'Menexenus', 'NA', 'en', 'TRUE']
The Sea-Wolf;['1074', '120', 'London, Jack', 'The Sea-Wolf', 'NA', 'en', 'TRUE']
American Notes;['675', '37', 'Dickens, Charles', 'American Notes', 'NA', 'en', 'TRUE']
David Copperfield;['766', '37', 'Dickens, Charles', 'David Copperfield', 'Harvard Classics', 'en', 'TRUE']
The Republic;['150', '93', 'Plato', 'The Republic', 'NA', 'en', 'TRUE']
Early Plays — Catiline, the Warrior's Barrow, Olaf Liljekrans;"['7172', '861', 'Ibsen, Henrik', ""Early Plays — Catiline, the Warrior's Barrow, Olaf Liljekrans"", 'NA', 'en', 'TRUE']"
Emma;['158', '68', 'Austen, Jane', 'Emma', 'NA', 'en', 'TRUE']
Shakespeare's Sonnets;"['1041', '65', 'Shakespeare, William', ""Shakespeare's Sonnets"", 'NA', 'en', 'TRUE']"
A Collection of Stories, Reviews and Essays;['25586', '22', 'Cather, Willa', 'A Collection of Stories, Reviews and Essays', 'NA', 'en', 'TRUE']
Adventures of Huckleberry Finn, Chapters 36 to the Last;['7107', '53', 'Twain, Mark', 'Adventures of Huckleberry Finn, Chapters 36 to the Last', 'NA', 'en', 'TRUE']
Some Christmas Stories;['1467', '37', 'Dickens, Charles', 'Some Christmas Stories', 'Christmas', 'en', 'TRUE']
May Flowers;['37981', '102', 'Alcott, Louisa May', 'May Flowers', 'NA', 'en', 'TRUE']
Impressions of America;['41806', '111', 'Wilde, Oscar', 'Impressions of America', 'NA', 'en', 'TRUE']
Feeding the Mind;['35535', '7', 'Carroll, Lewis', 'Feeding the Mind', 'NA', 'en', 'TRUE']
Symposium;['1600', '93', 'Plato', 'Symposium', 'NA', 'en', 'TRUE']
The Facts Concerning the Recent Carnival of Crime in Connecticut;['3183', '53', 'Twain, Mark', 'The Facts Concerning the Recent Carnival of Crime in Connecticut', 'NA', 'en', 'TRUE']
The Idiot;['2638', '314', 'Dostoyevsky, Fyodor', 'The Idiot', 'Best Books Ever Listings', 'en', 'TRUE']
Ion;['1635', '93', 'Plato', 'Ion', 'Philosophy', 'en', 'TRUE']
A House of Pomegranates;['873', '111', 'Wilde, Oscar', 'A House of Pomegranates', 'Opera', 'en', 'TRUE']
Flower Fables;"['163', '102', 'Alcott, Louisa May', 'Flower Fables', ""Children's Literature"", 'en', 'TRUE']"
A Connecticut Yankee in King Arthur's Court, Part 9.;"['7250', '53', 'Twain, Mark', ""A Connecticut Yankee in King Arthur's Court, Part 9."", 'Precursors of Science Fiction', 'en', 'TRUE']"
The Reef;['283', '104', 'Wharton, Edith', 'The Reef', 'NA', 'en', 'TRUE']
Sketches by Boz, Illustrative of Every-Day Life and Every-Day People;['882', '37', 'Dickens, Charles', 'Sketches by Boz, Illustrative of Every-Day Life and Every-Day People', 'NA', 'en', 'TRUE']
Othello;['2267', '65', 'Shakespeare, William', 'Othello', 'NA', 'en', 'TRUE']
Pillars of Society;['2296', '861', 'Ibsen, Henrik', 'Pillars of Society', 'NA', 'en', 'TRUE']
The Stolen White Elephant;['3181', '53', 'Twain, Mark', 'The Stolen White Elephant', 'NA', 'en', 'TRUE']
Euthyphro;['1642', '93', 'Plato', 'Euthyphro', 'Philosophy', 'en', 'TRUE']
Eve's Diary, Part 3;"['8528', '53', 'Twain, Mark', ""Eve's Diary, Part 3"", 'NA', 'en', 'TRUE']"
The Haunted Man and the Ghost's Bargain;"['644', '37', 'Dickens, Charles', ""The Haunted Man and the Ghost's Bargain"", 'Christmas', 'en', 'TRUE']"
A Son Of The Sun;['21971', '120', 'London, Jack', 'A Son Of The Sun', 'NA', 'en', 'TRUE']
History of the Plague in London;"['17221', '204', 'Defoe, Daniel', 'History of the Plague in London', ""Children's History/Historical Fiction"", 'en', 'TRUE']"
Mathilda;['15238', '61', 'Shelley, Mary Wollstonecraft', 'Mathilda', 'NA', 'en', 'TRUE']
Before Adam;['310', '120', 'London, Jack', 'Before Adam', 'NA', 'en', 'TRUE']
Speeches: Literary and Social;['824', '37', 'Dickens, Charles', 'Speeches: Literary and Social', 'NA', 'en', 'TRUE']
"Behind a Mask; or, a Woman's Power";"['8677', '102', 'Alcott, Louisa May', ""Behind a Mask; or, a Woman's Power"", 'NA', 'en', 'TRUE']"
Love of Life, and Other Stories;['710', '120', 'London, Jack', 'Love of Life, and Other Stories', 'NA', 'en', 'TRUE']
The Seven Poor Travellers;['1392', '37', 'Dickens, Charles', 'The Seven Poor Travellers', 'NA', 'en', 'TRUE']
Othello, the Moor of Venice;['1531', '65', 'Shakespeare, William', 'Othello, the Moor of Venice', 'Best Books Ever Listings', 'en', 'TRUE']
Smoke Bellew;['1596', '120', 'London, Jack', 'Smoke Bellew', 'NA', 'en', 'TRUE']
Some Rambling Notes of an Idle Excursion;['3182', '53', 'Twain, Mark', 'Some Rambling Notes of an Idle Excursion', 'NA', 'en', 'TRUE']
Eve's Diary, Complete;"['8525', '53', 'Twain, Mark', ""Eve's Diary, Complete"", 'NA', 'en', 'TRUE']"
The Judge;['16125', '6499', 'West, Rebecca', 'The Judge', 'NA', 'en', 'TRUE']
A Short Narrative of the Life and Actions of His Grace John, D. of Marlborogh;['37505', '204', 'Defoe, Daniel', 'A Short Narrative of the Life and Actions of His Grace John, D. of Marlborogh', 'NA', 'en', 'TRUE']
The Posthumous Papers of the Pickwick Club, v. 2(of 2);['47535', '37', 'Dickens, Charles', 'The Posthumous Papers of the Pickwick Club, v. 2(of 2)', 'NA', 'en', 'TRUE']
Summer;['166', '104', 'Wharton, Edith', 'Summer', 'NA', 'en', 'TRUE']
Venus and Adonis;['1045', '65', 'Shakespeare, William', 'Venus and Adonis', 'NA', 'en', 'TRUE']
Rosmersholm;['2289', '861', 'Ibsen, Henrik', 'Rosmersholm', 'NA', 'en', 'TRUE']
The Possessed (The Devils);['8117', '314', 'Dostoyevsky, Fyodor', 'The Possessed (The Devils)', 'Best Books Ever Listings', 'en', 'TRUE']
All's Well That Ends Well;"['1529', '65', 'Shakespeare, William', ""All's Well That Ends Well"", 'NA', 'en', 'TRUE']"
The Personal History of David Copperfield;['43111', '37', 'Dickens, Charles', 'The Personal History of David Copperfield', 'NA', 'en', 'TRUE']
A Message from the Sea;['1407', '37', 'Dickens, Charles', 'A Message from the Sea', 'NA', 'en', 'TRUE']
A Double Barrelled Detective Story;['3180', '53', 'Twain, Mark', 'A Double Barrelled Detective Story', 'NA', 'en', 'TRUE']
A Child's Dream of a Star;"['42232', '37', 'Dickens, Charles', ""A Child's Dream of a Star"", 'NA', 'en', 'TRUE']"
Hospital Sketches;['3837', '102', 'Alcott, Louisa May', 'Hospital Sketches', 'US Civil War', 'en', 'TRUE']
The Secret Adversary;['1155', '451', 'Christie, Agatha', 'The Secret Adversary', 'Detective Fiction', 'en', 'TRUE']
Cymbeline;['1538', '65', 'Shakespeare, William', 'Cymbeline', 'NA', 'en', 'TRUE']
Essays on Paul Bourget;['3173', '53', 'Twain, Mark', 'Essays on Paul Bourget', 'NA', 'en', 'TRUE']
Mark Twain's Letters — Complete (1853-1910);"['3199', '53', 'Twain, Mark', ""Mark Twain's Letters — Complete (1853-1910)"", 'Bestsellers, American, 1895-1923', 'en', 'TRUE']"
Tom Sawyer, Detective;['93', '53', 'Twain, Mark', 'Tom Sawyer, Detective', 'NA', 'en', 'TRUE']
Youth;['31547', '35316', 'Asimov, Isaac', 'Youth', 'Science Fiction', 'en', 'TRUE']
Moon-Face, and Other Stories;['1089', '120', 'London, Jack', 'Moon-Face, and Other Stories', 'NA', 'en', 'TRUE']
The Happy Prince and Other Tales;['30120', '111', 'Wilde, Oscar', 'The Happy Prince and Other Tales', 'NA', 'en', 'TRUE']
The Taming of the Shrew;['1508', '65', 'Shakespeare, William', 'The Taming of the Shrew', 'NA', 'en', 'TRUE']
Henry VIII;['2258', '65', 'Shakespeare, William', 'Henry VIII', 'NA', 'en', 'TRUE']
Under the Lilacs;"['3795', '102', 'Alcott, Louisa May', 'Under the Lilacs', ""Children's Literature"", 'en', 'TRUE']"
Ghosts;"['8121', '861', 'Ibsen, Henrik', 'Ghosts', ""Banned Books from Anne Haight's list"", 'en', 'TRUE']"
Mark Twain's Burlesque Autobiography;"['3175', '53', 'Twain, Mark', ""Mark Twain's Burlesque Autobiography"", 'NA', 'en', 'TRUE']"
Holiday Romance;"['809', '37', 'Dickens, Charles', 'Holiday Romance', ""Children's Picture Books"", 'en', 'TRUE']"
Moods;['28203', '102', 'Alcott, Louisa May', 'Moods', 'NA', 'en', 'TRUE']
The Troll Garden, and Selected Stories;['346', '22', 'Cather, Willa', 'The Troll Garden, and Selected Stories', 'NA', 'en', 'TRUE']
The Red One;['788', '120', 'London, Jack', 'The Red One', 'NA', 'en', 'TRUE']
On Picket Duty, and Other Tales;['4960', '102', 'Alcott, Louisa May', 'On Picket Duty, and Other Tales', 'NA', 'en', 'TRUE']
An Essay Upon Projects;['4087', '204', 'Defoe, Daniel', 'An Essay Upon Projects', 'NA', 'en', 'TRUE']
The Winter's Tale;"['1539', '65', 'Shakespeare, William', ""The Winter's Tale"", 'NA', 'en', 'TRUE']"
The Descent of Man and Other Stories;['4519', '104', 'Wharton, Edith', 'The Descent of Man and Other Stories', 'NA', 'en', 'TRUE']
Bayou Folk;['46650', '100', 'Chopin, Kate', 'Bayou Folk', 'NA', 'en', 'TRUE']
De Profundis;['921', '111', 'Wilde, Oscar', 'De Profundis', 'NA', 'en', 'TRUE']
Little Women;"['514', '102', 'Alcott, Louisa May', 'Little Women', ""Children's Literature"", 'en', 'TRUE']"
The Fruit of the Tree;['19191', '104', 'Wharton, Edith', 'The Fruit of the Tree', 'NA', 'en', 'TRUE']
The Vikings of Helgeland: The Prose Dramas Of Henrik Ibsen, Vol. III.;['19205', '861', 'Ibsen, Henrik', 'The Vikings of Helgeland: The Prose Dramas Of Henrik Ibsen, Vol. III.', 'NA', 'en', 'TRUE']
Following the Equator: A Journey Around the World. Part 7;['5814', '53', 'Twain, Mark', 'Following the Equator: A Journey Around the World. Part 7', 'NA', 'en', 'TRUE']
Tour through the Eastern Counties of England, 1722;['983', '204', 'Defoe, Daniel', 'Tour through the Eastern Counties of England, 1722', 'United Kingdom', 'en', 'TRUE']
History of King Henry the Sixth, Second Part;['1501', '65', 'Shakespeare, William', 'History of King Henry the Sixth, Second Part', 'NA', 'en', 'TRUE']
Editorial Wild Oats;['19484', '53', 'Twain, Mark', 'Editorial Wild Oats', 'NA', 'en', 'TRUE']
Little Eyolf;['7942', '861', 'Ibsen, Henrik', 'Little Eyolf', 'NA', 'en', 'TRUE']
Tom Tiddler's Ground;"['1413', '37', 'Dickens, Charles', ""Tom Tiddler's Ground"", 'NA', 'en', 'TRUE']"
The Life, Adventures & Piracies of the Famous Captain Singleton;['6422', '204', 'Defoe, Daniel', 'The Life, Adventures & Piracies of the Famous Captain Singleton', 'Pirates, Buccaneers, Corsairs, etc./Crime Nonfiction', 'en', 'TRUE']
Richard II;"['2250', '65', 'Shakespeare, William', 'Richard II', ""Banned Books from Anne Haight's list"", 'en', 'TRUE']"
Twelfth Night;['2247', '65', 'Shakespeare, William', 'Twelfth Night', 'NA', 'en', 'TRUE']
John Barleycorn;['318', '120', 'London, Jack', 'John Barleycorn', 'NA', 'en', 'TRUE']
Much Ado about Nothing;['1519', '65', 'Shakespeare, William', 'Much Ado about Nothing', 'NA', 'en', 'TRUE']
Tales of the Fish Patrol;['911', '120', 'London, Jack', 'Tales of the Fish Patrol', 'NA', 'en', 'TRUE']
Three Ghost Stories;['1289', '37', 'Dickens, Charles', 'Three Ghost Stories', 'NA', 'en', 'TRUE']
The Adventures of Huckleberry Finn (Tom Sawyer's Comrade);"['32325', '53', 'Twain, Mark', ""The Adventures of Huckleberry Finn (Tom Sawyer's Comrade)"", 'NA', 'en', 'TRUE']"
The Glimpses of the Moon;['1263', '104', 'Wharton, Edith', 'The Glimpses of the Moon', 'NA', 'en', 'TRUE']
Tales of Men and Ghosts;['4514', '104', 'Wharton, Edith', 'Tales of Men and Ghosts', 'NA', 'en', 'TRUE']
Jacob's Room;"['5670', '89', 'Woolf, Virginia', ""Jacob's Room"", 'NA', 'en', 'TRUE']"
How Lisa Loved the King;['20813', '90', 'Eliot, George', 'How Lisa Loved the King', 'NA', 'en', 'TRUE']
Kitty's Class Day and Other Stories;"['10360', '102', 'Alcott, Louisa May', ""Kitty's Class Day and Other Stories"", ""Children's Literature"", 'en', 'TRUE']"
Notes to the Complete Poetical Works of Percy Bysshe Shelley;['4695', '61', 'Shelley, Mary Wollstonecraft', 'Notes to the Complete Poetical Works of Percy Bysshe Shelley', 'NA', 'en', 'TRUE']
Roughing It;['3177', '53', 'Twain, Mark', 'Roughing It', 'Travel', 'en', 'TRUE']
The God of His Fathers: Tales of the Klondyke;['1655', '120', 'London, Jack', 'The God of His Fathers: Tales of the Klondyke', 'NA', 'en', 'TRUE']
Poems, with The Ballad of Reading Gaol;['1057', '111', 'Wilde, Oscar', 'Poems, with The Ballad of Reading Gaol', 'NA', 'en', 'TRUE']
The History of the Devil, As Well Ancient as Modern: In Two Parts;"['31053', '204', 'Defoe, Daniel', 'The History of the Devil, As Well Ancient as Modern: In Two Parts', ""Banned Books from Anne Haight's list"", 'en', 'TRUE']"
The Poems and Verses of Charles Dickens;['35536', '37', 'Dickens, Charles', 'The Poems and Verses of Charles Dickens', 'NA', 'en', 'TRUE']
John Gabriel Borkman;['18792', '861', 'Ibsen, Henrik', 'John Gabriel Borkman', 'NA', 'en', 'TRUE']
Short Stories;['40745', '314', 'Dostoyevsky, Fyodor', 'Short Stories', 'NA', 'en', 'TRUE']
Children of the Frost;['10736', '120', 'London, Jack', 'Children of the Frost', 'Native America', 'en', 'TRUE']
A New Voyage Round the World by a Course Never Sailed Before;['35774', '204', 'Defoe, Daniel', 'A New Voyage Round the World by a Course Never Sailed Before', 'NA', 'en', 'TRUE']
The Life and Most Surprising Adventures of Robinson Crusoe, of York, Mariner (1801);['11866', '204', 'Defoe, Daniel', 'The Life and Most Surprising Adventures of Robinson Crusoe, of York, Mariner (1801)', 'NA', 'en', 'TRUE']
Crito;['1657', '93', 'Plato', 'Crito', 'Harvard Classics', 'en', 'TRUE']
1601: Conversation as it was by the Social Fireside in the Time of the Tudors;['3190', '53', 'Twain, Mark', '1601: Conversation as it was by the Social Fireside in the Time of the Tudors', 'NA', 'en', 'TRUE']
Henry V;['2253', '65', 'Shakespeare, William', 'Henry V', 'NA', 'en', 'TRUE']
The Picture of Dorian Gray;['174', '111', 'Wilde, Oscar', 'The Picture of Dorian Gray', 'Movie Books/Gothic Fiction', 'en', 'TRUE']
Herodias;['1291', '574', 'Flaubert, Gustave', 'Herodias', 'NA', 'en', 'TRUE']
Little Dorrit;['963', '37', 'Dickens, Charles', 'Little Dorrit', 'NA', 'en', 'TRUE']
Lulu's Library, Volume 3 (of 3);"['40683', '102', 'Alcott, Louisa May', ""Lulu's Library, Volume 3 (of 3)"", 'NA', 'en', 'TRUE']"
An Answer to a Question that Nobody thinks of, viz., But what if the Queen should Die?;['36681', '204', 'Defoe, Daniel', 'An Answer to a Question that Nobody thinks of, viz., But what if the Queen should Die?', 'NA', 'en', 'TRUE']
The Valley of the Moon;['1449', '120', 'London, Jack', 'The Valley of the Moon', 'NA', 'en', 'TRUE']
Bleak House;['1023', '37', 'Dickens, Charles', 'Bleak House', 'NA', 'en', 'TRUE']
Michael, Brother of Jerry;['1730', '120', 'London, Jack', 'Michael, Brother of Jerry', 'NA', 'en', 'TRUE']
"A Modern Cinderella; Or, The Little Old Shoe, and Other Stories";"['3806', '102', 'Alcott, Louisa May', 'A Modern Cinderella; Or, The Little Old Shoe, and Other Stories', ""Children's Literature"", 'en', 'TRUE']"
Adventure;['1163', '120', 'London, Jack', 'Adventure', 'NA', 'en', 'TRUE']
Lady Susan;['946', '68', 'Austen, Jane', 'Lady Susan', 'NA', 'en', 'TRUE']
Going into Society;['1422', '37', 'Dickens, Charles', 'Going into Society', 'NA', 'en', 'TRUE']
The Duchess of Padua;['875', '111', 'Wilde, Oscar', 'The Duchess of Padua', 'NA', 'en', 'TRUE']
Fighting France, from Dunkerque to Belfort;['4550', '104', 'Wharton, Edith', 'Fighting France, from Dunkerque to Belfort', 'World War I', 'en', 'TRUE']
The Life and Adventures of Robinson Crusoe (1808);['12623', '204', 'Defoe, Daniel', 'The Life and Adventures of Robinson Crusoe (1808)', 'NA', 'en', 'TRUE']
Charmides, and Other Poems;['1031', '111', 'Wilde, Oscar', 'Charmides, and Other Poems', 'NA', 'en', 'TRUE']
The Phoenix and the Turtle;['1525', '65', 'Shakespeare, William', 'The Phoenix and the Turtle', 'NA', 'en', 'TRUE']
The Mysterious Key and What It Opened;"['8188', '102', 'Alcott, Louisa May', 'The Mysterious Key and What It Opened', ""Children's Literature"", 'en', 'TRUE']"
"Pearl-Fishing; Choice Stories from Dickens' Household Words; Second Series";"['50334', '37', 'Dickens, Charles', ""Pearl-Fishing; Choice Stories from Dickens' Household Words; Second Series"", 'NA', 'en', 'TRUE']"
The Jacket (The Star-Rover);['1162', '120', 'London, Jack', 'The Jacket (The Star-Rover)', 'NA', 'en', 'TRUE']
Dutch Courage and Other Stories;['14449', '120', 'London, Jack', 'Dutch Courage and Other Stories', 'NA', 'en', 'TRUE']
Richard III;['2257', '65', 'Shakespeare, William', 'Richard III', 'NA', 'en', 'TRUE']
Lady Windermere's Fan;"['790', '111', 'Wilde, Oscar', ""Lady Windermere's Fan"", 'NA', 'en', 'TRUE']"
The Odyssey of Homer;['24269', '705', 'Homer', 'The Odyssey of Homer', 'Classical Antiquity/Poetry', 'en', 'TRUE']
Memoirs of Major Alexander Ramkins (1718);['14442', '204', 'Defoe, Daniel', 'Memoirs of Major Alexander Ramkins (1718)', 'NA', 'en', 'TRUE']
The House of Mirth;['284', '104', 'Wharton, Edith', 'The House of Mirth', 'Bestsellers, American, 1895-1923', 'en', 'TRUE']
The Life of King Henry V;['1521', '65', 'Shakespeare, William', 'The Life of King Henry V', 'NA', 'en', 'TRUE']
A Doll's House;"['15492', '861', 'Ibsen, Henrik', ""A Doll's House"", 'Best Books Ever Listings', 'en', 'TRUE']"
Mudfog and Other Sketches;['912', '37', 'Dickens, Charles', 'Mudfog and Other Sketches', 'NA', 'en', 'TRUE']
A Critic in Pall Mall: Being Extracts from Reviews and Miscellanies;['30191', '111', 'Wilde, Oscar', 'A Critic in Pall Mall: Being Extracts from Reviews and Miscellanies', 'NA', 'en', 'TRUE']
The Louisa Alcott Reader: a Supplementary Reader for the Fourth Year of School;"['7425', '102', 'Alcott, Louisa May', 'The Louisa Alcott Reader: a Supplementary Reader for the Fourth Year of School', ""Children's Literature/Children's Instructional Books"", 'en', 'TRUE']"
Notes from the Underground;['600', '314', 'Dostoyevsky, Fyodor', 'Notes from the Underground', 'NA', 'en', 'TRUE']
The Wreck of the Golden Mary;['1465', '37', 'Dickens, Charles', 'The Wreck of the Golden Mary', 'NA', 'en', 'TRUE']
As You Like It;['1523', '65', 'Shakespeare, William', 'As You Like It', 'NA', 'en', 'TRUE']
Reviews;['14240', '111', 'Wilde, Oscar', 'Reviews', 'NA', 'en', 'TRUE']
Martin Chuzzlewit;['968', '37', 'Dickens, Charles', 'Martin Chuzzlewit', 'Best Books Ever Listings', 'en', 'TRUE']
To Be Read at Dusk;['924', '37', 'Dickens, Charles', 'To Be Read at Dusk', 'NA', 'en', 'TRUE']
The Hunting of the Snark: An Agony, in Eight Fits;['29888', '7', 'Carroll, Lewis', 'The Hunting of the Snark: An Agony, in Eight Fits', 'NA', 'en', 'TRUE']
The Importance of Being Earnest: A Trivial Comedy for Serious People;['844', '111', 'Wilde, Oscar', 'The Importance of Being Earnest: A Trivial Comedy for Serious People', 'Plays', 'en', 'TRUE']
Phantasmagoria and Other Poems;['651', '7', 'Carroll, Lewis', 'Phantasmagoria and Other Poems', 'NA', 'en', 'TRUE']
Macbeth;['1533', '65', 'Shakespeare, William', 'Macbeth', 'Opera', 'en', 'TRUE']
Sylvie and Bruno Concluded (Illustrated);['48795', '7', 'Carroll, Lewis', 'Sylvie and Bruno Concluded (Illustrated)', 'NA', 'en', 'TRUE']
The Further Adventures of Robinson Crusoe;['561', '204', 'Defoe, Daniel', 'The Further Adventures of Robinson Crusoe', 'Best Books Ever Listings', 'en', 'TRUE']
The Brothers Karamazov;['28054', '314', 'Dostoyevsky, Fyodor', 'The Brothers Karamazov', 'Best Books Ever Listings', 'en', 'TRUE']
Personal Recollections of Joan of Arc — Volume 2;['2875', '53', 'Twain, Mark', 'Personal Recollections of Joan of Arc — Volume 2', 'Historical Fiction', 'en', 'TRUE']
Tom and Maggie Tulliver;['30273', '90', 'Eliot, George', 'Tom and Maggie Tulliver', 'NA', 'en', 'TRUE']
Christian Science;['3187', '53', 'Twain, Mark', 'Christian Science', 'NA', 'en', 'TRUE']
King Lear;"['2266', '65', 'Shakespeare, William', 'King Lear', ""Banned Books from Anne Haight's list/Best Books Ever Listings"", 'en', 'TRUE']"
Sketches New and Old, Part 7.;['5842', '53', 'Twain, Mark', 'Sketches New and Old, Part 7.', 'NA', 'en', 'TRUE']
Madame Bovary: A Tale of Provincial Life, Vol. 1 (of 2);['27575', '574', 'Flaubert, Gustave', 'Madame Bovary: A Tale of Provincial Life, Vol. 1 (of 2)', 'Best Books Ever Listings', 'en', 'TRUE']
Salammbo;"['1290', '574', 'Flaubert, Gustave', 'Salammbo', ""Historical Fiction/Banned Books from Anne Haight's list"", 'en', 'TRUE']"
Apology;['1656', '93', 'Plato', 'Apology', 'Harvard Classics/Philosophy', 'en', 'TRUE']
The Entire Project Gutenberg Works of Mark Twain;['3200', '53', 'Twain, Mark', 'The Entire Project Gutenberg Works of Mark Twain', 'NA', 'en', 'TRUE']
The Cruise of the Dazzler;['11051', '120', 'London, Jack', 'The Cruise of the Dazzler', 'NA', 'en', 'TRUE']
Somebody's Luggage;"['1414', '37', 'Dickens, Charles', ""Somebody's Luggage"", 'NA', 'en', 'TRUE']"
The Custom of the Country;['11052', '104', 'Wharton, Edith', 'The Custom of the Country', 'NA', 'en', 'TRUE']
A Child's History of England;"['699', '37', 'Dickens, Charles', ""A Child's History of England"", ""Children's History/United Kingdom"", 'en', 'TRUE']"
The Iliad of Homer (1873);['22382', '705', 'Homer', 'The Iliad of Homer (1873)', 'Classical Antiquity', 'en', 'TRUE']
The Age of Innocence;['541', '104', 'Wharton, Edith', 'The Age of Innocence', 'Bestsellers, American, 1895-1923/Movie Books', 'en', 'TRUE']
Romola;['24020', '90', 'Eliot, George', 'Romola', 'NA', 'en', 'TRUE']
Work: A Story of Experience;['4770', '102', 'Alcott, Louisa May', 'Work: A Story of Experience', 'NA', 'en', 'TRUE']
Northanger Abbey;['121', '68', 'Austen, Jane', 'Northanger Abbey', 'Gothic Fiction', 'en', 'TRUE']
The Gambler;['2197', '314', 'Dostoyevsky, Fyodor', 'The Gambler', 'NA', 'en', 'TRUE']
The Merchant of Venice;"['1515', '65', 'Shakespeare, William', 'The Merchant of Venice', ""Banned Books from Anne Haight's list"", 'en', 'TRUE']"
Hedda Gabler;['4093', '861', 'Ibsen, Henrik', 'Hedda Gabler', 'NA', 'en', 'TRUE']
Chamber Music;['2817', '1039', 'Joyce, James', 'Chamber Music', 'NA', 'en', 'TRUE']
The Complete English Tradesman (1839 ed.);['14444', '204', 'Defoe, Daniel', 'The Complete English Tradesman (1839 ed.)', 'NA', 'en', 'TRUE']
An American Robinson Crusoe;['7799', '204', 'Defoe, Daniel', 'An American Robinson Crusoe', 'NA', 'en', 'TRUE']
Felix Holt, the Radical;['40882', '90', 'Eliot, George', 'Felix Holt, the Radical', 'NA', 'en', 'TRUE']
Roughing It, Part 8.;['8589', '53', 'Twain, Mark', 'Roughing It, Part 8.', 'NA', 'en', 'TRUE']
An Enemy of the People;['2446', '861', 'Ibsen, Henrik', 'An Enemy of the People', 'NA', 'en', 'TRUE']
The Pickwick Papers;['580', '37', 'Dickens, Charles', 'The Pickwick Papers', 'Best Books Ever Listings', 'en', 'TRUE']
Jo's Boys;"['3499', '102', 'Alcott, Louisa May', ""Jo's Boys"", ""Children's Literature/School Stories"", 'en', 'TRUE']"
Gorgias;['1672', '93', 'Plato', 'Gorgias', 'NA', 'en', 'TRUE']
Little Men;"['2788', '102', 'Alcott, Louisa May', 'Little Men', ""School Stories/Children's Literature"", 'en', 'TRUE']"
The Lifted Veil;['2165', '90', 'Eliot, George', 'The Lifted Veil', 'NA', 'en', 'TRUE']
Mountain-Laurel and Maidenhair;['37807', '102', 'Alcott, Louisa May', 'Mountain-Laurel and Maidenhair', 'NA', 'en', 'TRUE']
Laches;['1584', '93', 'Plato', 'Laches', 'NA', 'en', 'TRUE']
An Ideal Husband;['885', '111', 'Wilde, Oscar', 'An Ideal Husband', 'Plays', 'en', 'TRUE']
When God Laughs, and Other Stories;['2545', '120', 'London, Jack', 'When God Laughs, and Other Stories', 'NA', 'en', 'TRUE']
Crime and Punishment;['2554', '314', 'Dostoyevsky, Fyodor', 'Crime and Punishment', 'Best Books Ever Listings/Crime Fiction/Harvard Classics', 'en', 'TRUE']
War of the Classes;['1187', '120', 'London, Jack', 'War of the Classes', 'NA', 'en', 'TRUE']
Military Memoirs of Capt. George Carleton;['14436', '204', 'Defoe, Daniel', 'Military Memoirs of Capt. George Carleton', 'NA', 'en', 'TRUE']
My Antonia;['242', '22', 'Cather, Willa', 'My Antonia', 'NA', 'en', 'TRUE']
"Frankenstein; Or, The Modern Prometheus";"['84', '61', 'Shelley, Mary Wollstonecraft', 'Frankenstein; Or, The Modern Prometheus', 'Gothic Fiction/Movie Books/Precursors of Science Fiction/Science Fiction by Women', 'en', 'TRUE']"
"Sentimental Education; Or, The History of a Young Man. Volume 1";"['34828', '574', 'Flaubert, Gustave', 'Sentimental Education; Or, The History of a Young Man. Volume 1', 'Best Books Ever Listings', 'en', 'TRUE']"
Nicholas Nickleby;['967', '37', 'Dickens, Charles', 'Nicholas Nickleby', 'NA', 'en', 'TRUE']
"Little Women; Or, Meg, Jo, Beth, and Amy";"['37106', '102', 'Alcott, Louisa May', 'Little Women; Or, Meg, Jo, Beth, and Amy', 'NA', 'en', 'TRUE']"
Hamlet, Prince of Denmark;['1524', '65', 'Shakespeare, William', 'Hamlet, Prince of Denmark', 'Plays/Best Books Ever Listings', 'en', 'TRUE']
Oliver Twist;['730', '37', 'Dickens, Charles', 'Oliver Twist', 'NA', 'en', 'TRUE']
Timaeus;['1572', '93', 'Plato', 'Timaeus', 'NA', 'en', 'TRUE']
Shakespeare's First Folio;"['2270', '65', 'Shakespeare, William', ""Shakespeare's First Folio"", 'Best Books Ever Listings', 'en', 'TRUE']"
The Canterville Ghost;['14522', '111', 'Wilde, Oscar', 'The Canterville Ghost', 'NA', 'en', 'TRUE']
The Scarlet Plague;['21970', '120', 'London, Jack', 'The Scarlet Plague', 'NA', 'en', 'TRUE']
Barnaby Rudge: A Tale of the Riots of 'Eighty;"['917', '37', 'Dickens, Charles', ""Barnaby Rudge: A Tale of the Riots of 'Eighty"", 'Historical Fiction', 'en', 'TRUE']"
A Dog's Tale;"['3174', '53', 'Twain, Mark', ""A Dog's Tale"", 'NA', 'en', 'TRUE']"
Ghosts: A Domestic Tragedy in Three Acts;['2467', '861', 'Ibsen, Henrik', 'Ghosts: A Domestic Tragedy in Three Acts', 'NA', 'en', 'TRUE']
Poor Folk;['2302', '314', 'Dostoyevsky, Fyodor', 'Poor Folk', 'NA', 'en', 'TRUE']
Sunday Under Three Heads;['922', '37', 'Dickens, Charles', 'Sunday Under Three Heads', 'NA', 'en', 'TRUE']
Mrs. Lirriper's Legacy;"['1421', '37', 'Dickens, Charles', ""Mrs. Lirriper's Legacy"", 'NA', 'en', 'TRUE']"
Phaedrus;['1636', '93', 'Plato', 'Phaedrus', 'NA', 'en', 'TRUE']
The Human Drift;['1669', '120', 'London, Jack', 'The Human Drift', 'NA', 'en', 'TRUE']
The Early Short Fiction of Edith Wharton — Part 2;['306', '104', 'Wharton, Edith', 'The Early Short Fiction of Edith Wharton — Part 2', 'NA', 'en', 'TRUE']
Charmides;['1580', '93', 'Plato', 'Charmides', 'NA', 'en', 'TRUE']
One of Ours;['2369', '22', 'Cather, Willa', 'One of Ours', 'NA', 'en', 'TRUE']
The Voyage Out;['144', '89', 'Woolf, Virginia', 'The Voyage Out', 'NA', 'en', 'TRUE']
The Son of the Wolf;['2377', '120', 'London, Jack', 'The Son of the Wolf', 'NA', 'en', 'TRUE']
Shakespeare's Comedy of The Tempest;"['47518', '65', 'Shakespeare, William', ""Shakespeare's Comedy of The Tempest"", 'NA', 'en', 'TRUE']"
My Ántonia;['19810', '22', 'Cather, Willa', 'My Ántonia', 'NA', 'en', 'TRUE']
Burning Daylight;['746', '120', 'London, Jack', 'Burning Daylight', 'NA', 'en', 'TRUE']
Children in Prison and Other Cruelties of Prison Life;['42104', '111', 'Wilde, Oscar', 'Children in Prison and Other Cruelties of Prison Life', 'NA', 'en', 'TRUE']
Theaetetus;['1726', '93', 'Plato', 'Theaetetus', 'Philosophy', 'en', 'TRUE']
The Abbot's Ghost, or Maurice Treherne's Temptation: A Christmas Story;"['8694', '102', 'Alcott, Louisa May', ""The Abbot's Ghost, or Maurice Treherne's Temptation: A Christmas Story"", 'Christmas', 'en', 'TRUE']"
"A Florentine Tragedy; La Sainte Courtisane";"['1308', '111', 'Wilde, Oscar', 'A Florentine Tragedy; La Sainte Courtisane', 'NA', 'en', 'TRUE']"
Marjorie's Three Gifts;"['5352', '102', 'Alcott, Louisa May', ""Marjorie's Three Gifts"", ""Children's Literature"", 'en', 'TRUE']"
Quotations from the Project Gutenberg Editions of the Works of Mark Twain;['3432', '53', 'Twain, Mark', 'Quotations from the Project Gutenberg Editions of the Works of Mark Twain', 'Project Gutenberg', 'en', 'TRUE']
The Song of the Lark;['44', '22', 'Cather, Willa', 'The Song of the Lark', 'Opera', 'en', 'TRUE']
The Tempest;['1540', '65', 'Shakespeare, William', 'The Tempest', 'NA', 'en', 'TRUE']
Alonzo Fitz, and Other Stories;['3184', '53', 'Twain, Mark', 'Alonzo Fitz, and Other Stories', 'NA', 'en', 'TRUE']
An Old-Fashioned Girl;"['2787', '102', 'Alcott, Louisa May', 'An Old-Fashioned Girl', ""Children's Literature"", 'en', 'TRUE']"
Crucial Instances;['7516', '104', 'Wharton, Edith', 'Crucial Instances', 'NA', 'en', 'TRUE']
Henry IV, Part 1;['2251', '65', 'Shakespeare, William', 'Henry IV, Part 1', 'NA', 'en', 'TRUE']
The Odyssey;"['3160', '705', 'Homer', 'The Odyssey', ""Harvard Classics/Banned Books from Anne Haight's list/Classical Antiquity"", 'en', 'TRUE']"
Philebus;['1744', '93', 'Plato', 'Philebus', 'NA', 'en', 'TRUE']
The Mystery of Edwin Drood;['564', '37', 'Dickens, Charles', 'The Mystery of Edwin Drood', 'Mystery Fiction', 'en', 'TRUE']
The Awakening, and Selected Short Stories;"['160', '100', 'Chopin, Kate', 'The Awakening, and Selected Short Stories', ""Banned Books from Anne Haight's list"", 'en', 'TRUE']"
"Uncle's Dream; and The Permanent Husband";"['38241', '314', 'Dostoyevsky, Fyodor', ""Uncle's Dream; and The Permanent Husband"", 'NA', 'en', 'TRUE']"
Titus Andronicus;['2260', '65', 'Shakespeare, William', 'Titus Andronicus', 'NA', 'en', 'TRUE']
Fenimore Cooper's Literary Offences;"['3172', '53', 'Twain, Mark', ""Fenimore Cooper's Literary Offences"", 'NA', 'en', 'TRUE']"
The Fortunes and Misfortunes of the Famous Moll Flanders;['370', '204', 'Defoe, Daniel', 'The Fortunes and Misfortunes of the Famous Moll Flanders', 'NA', 'en', 'TRUE']
Three Sunsets and Other Poems;['35497', '7', 'Carroll, Lewis', 'Three Sunsets and Other Poems', 'NA', 'en', 'TRUE']
Madame de Treymes;['4518', '104', 'Wharton, Edith', 'Madame de Treymes', 'NA', 'en', 'TRUE']
Alexander's Bridge;"['94', '22', 'Cather, Willa', ""Alexander's Bridge"", 'NA', 'en', 'TRUE']"
The Marne: A Tale of the War;['41855', '104', 'Wharton, Edith', 'The Marne: A Tale of the War', 'NA', 'en', 'TRUE']
Youth and the Bright Medusa;['13555', '22', 'Cather, Willa', 'Youth and the Bright Medusa', 'NA', 'en', 'TRUE']
A Midsummer Night's Dream;"['1514', '65', 'Shakespeare, William', ""A Midsummer Night's Dream"", 'NA', 'en', 'TRUE']"
The Two Gentlemen of Verona;['1509', '65', 'Shakespeare, William', 'The Two Gentlemen of Verona', 'NA', 'en', 'TRUE']
The Life of Timon of Athens;['1536', '65', 'Shakespeare, William', 'The Life of Timon of Athens', 'NA', 'en', 'TRUE']
Martin Eden;['1056', '120', 'London, Jack', 'Martin Eden', 'NA', 'en', 'TRUE']
Life on the Mississippi, Part 12.;['8482', '53', 'Twain, Mark', 'Life on the Mississippi, Part 12.', 'NA', 'en', 'TRUE']
The Perils of Certain English Prisoners;['1406', '37', 'Dickens, Charles', 'The Perils of Certain English Prisoners', 'NA', 'en', 'TRUE']
The Old Curiosity Shop;['700', '37', 'Dickens, Charles', 'The Old Curiosity Shop', 'NA', 'en', 'TRUE']
The Uncommercial Traveller;['914', '37', 'Dickens, Charles', 'The Uncommercial Traveller', 'NA', 'en', 'TRUE']
Brother Jacob;['2171', '90', 'Eliot, George', 'Brother Jacob', 'NA', 'en', 'TRUE']
Hard Times;['786', '37', 'Dickens, Charles', 'Hard Times', 'NA', 'en', 'TRUE']
The Lady from the Sea;['2765', '861', 'Ibsen, Henrik', 'The Lady from the Sea', 'NA', 'en', 'TRUE']
Sidelights on Relativity;['7333', '1630', 'Einstein, Albert', 'Sidelights on Relativity', 'NA', 'en', 'TRUE']
Three Unpublished Poems;['28218', '102', 'Alcott, Louisa May', 'Three Unpublished Poems', 'NA', 'en', 'TRUE']
Meno;['1643', '93', 'Plato', 'Meno', 'NA', 'en', 'TRUE']
George Silverman's Explanation;"['810', '37', 'Dickens, Charles', ""George Silverman's Explanation"", 'NA', 'en', 'TRUE']"
The Lamplighter;['927', '37', 'Dickens, Charles', 'The Lamplighter', 'NA', 'en', 'TRUE']
Charles Dickens' Children Stories;"['37121', '37', 'Dickens, Charles', ""Charles Dickens' Children Stories"", 'NA', 'en', 'TRUE']"
What Is Man? and Other Essays;['70', '53', 'Twain, Mark', 'What Is Man? and Other Essays', 'NA', 'en', 'TRUE']
Salomé: A Tragedy in One Act;['42704', '111', 'Wilde, Oscar', 'Salomé: A Tragedy in One Act', 'NA', 'en', 'TRUE']
The Candy Country;['25165', '102', 'Alcott, Louisa May', 'The Candy Country', 'NA', 'en', 'TRUE']
A Garland for Girls;"['5830', '102', 'Alcott, Louisa May', 'A Garland for Girls', ""Children's Literature"", 'en', 'TRUE']"
The Feast at Solhoug;['18428', '861', 'Ibsen, Henrik', 'The Feast at Solhoug', 'NA', 'en', 'TRUE']
Essays and Lectures;['774', '111', 'Wilde, Oscar', 'Essays and Lectures', 'NA', 'en', 'TRUE']
A Tangled Tale;['29042', '7', 'Carroll, Lewis', 'A Tangled Tale', 'Mathematics', 'en', 'TRUE']
The Turtles of Tasman;['16257', '120', 'London, Jack', 'The Turtles of Tasman', 'NA', 'en', 'TRUE']
Critias;['1571', '93', 'Plato', 'Critias', 'NA', 'en', 'TRUE']
Louisa May Alcott : Her Life, Letters, and Journals;['38049', '102', 'Alcott, Louisa May', 'Louisa May Alcott : Her Life, Letters, and Journals', 'NA', 'en', 'TRUE']
King John;['1511', '65', 'Shakespeare, William', 'King John', 'NA', 'en', 'TRUE']
Hamlet;['2265', '65', 'Shakespeare, William', 'Hamlet', 'Best Books Ever Listings', 'en', 'TRUE']
Quotes and Images From The Works of Mark Twain;['7556', '53', 'Twain, Mark', 'Quotes and Images From The Works of Mark Twain', 'NA', 'en', 'TRUE']
Laws;['1750', '93', 'Plato', 'Laws', 'NA', 'en', 'TRUE']
Cratylus;['1616', '93', 'Plato', 'Cratylus', 'NA', 'en', 'TRUE']
"Vera; Or, The Nihilists";"['26494', '111', 'Wilde, Oscar', 'Vera; Or, The Nihilists', 'NA', 'en', 'TRUE']"
The Soul of Man under Socialism;['1017', '111', 'Wilde, Oscar', 'The Soul of Man under Socialism', 'NA', 'en', 'TRUE']
A Vindication of the Press;['14084', '204', 'Defoe, Daniel', 'A Vindication of the Press', 'NA', 'en', 'TRUE']
"The Consolidator; or, Memoirs of Sundry Transactions from the World in the Moon";"['7089', '204', 'Defoe, Daniel', 'The Consolidator; or, Memoirs of Sundry Transactions from the World in the Moon', 'NA', 'en', 'TRUE']"
Romeo and Juliet;['1513', '65', 'Shakespeare, William', 'Romeo and Juliet', 'NA', 'en', 'TRUE']
In Defence of Harriet Shelley;['3171', '53', 'Twain, Mark', 'In Defence of Harriet Shelley', 'NA', 'en', 'TRUE']
Those Extraordinary Twins;['3185', '53', 'Twain, Mark', 'Those Extraordinary Twins', 'NA', 'en', 'TRUE']
Sophist;['1735', '93', 'Plato', 'Sophist', 'NA', 'en', 'TRUE']
The Life of Henry the Eighth;['1541', '65', 'Shakespeare, William', 'The Life of Henry the Eighth', 'NA', 'en', 'TRUE']
Impressions of Theophrastus Such;['10762', '90', 'Eliot, George', 'Impressions of Theophrastus Such', 'NA', 'en', 'TRUE']
White Fang;['910', '120', 'London, Jack', 'White Fang', 'Movie Books/Adventure', 'en', 'TRUE']
Jack and Jill;"['2786', '102', 'Alcott, Louisa May', 'Jack and Jill', ""Children's Literature"", 'en', 'TRUE']"
Pericles, Prince of Tyre;['1537', '65', 'Shakespeare, William', 'Pericles, Prince of Tyre', 'NA', 'en', 'TRUE']
The Rape of Lucrece;['1505', '65', 'Shakespeare, William', 'The Rape of Lucrece', 'NA', 'en', 'TRUE']
Hunted Down: The Detective Stories of Charles Dickens;['807', '37', 'Dickens, Charles', 'Hunted Down: The Detective Stories of Charles Dickens', 'Detective Fiction', 'en', 'TRUE']
South Sea Tales;['1208', '120', 'London, Jack', 'South Sea Tales', 'NA', 'en', 'TRUE']
The Iron Heel;['1164', '120', 'London, Jack', 'The Iron Heel', 'NA', 'en', 'TRUE']
Henry James;['37300', '6499', 'West, Rebecca', 'Henry James', 'NA', 'en', 'TRUE']
Dickens' Stories About Children Every Child Can Read;"['32241', '37', 'Dickens, Charles', ""Dickens' Stories About Children Every Child Can Read"", 'NA', 'en', 'TRUE']"
The Last Man;['18247', '61', 'Shelley, Mary Wollstonecraft', 'The Last Man', 'Science Fiction by Women/Precursors of Science Fiction', 'en', 'TRUE']
Love's Comedy;"['18657', '861', 'Ibsen, Henrik', ""Love's Comedy"", 'NA', 'en', 'TRUE']"
The Prince and the Pauper, Part 9.;['7162', '53', 'Twain, Mark', 'The Prince and the Pauper, Part 9.', 'Historical Fiction', 'en', 'TRUE']
Artemis to Actaeon, and Other Verses;['4549', '104', 'Wharton, Edith', 'Artemis to Actaeon, and Other Verses', 'NA', 'en', 'TRUE']
Coriolanus;['2259', '65', 'Shakespeare, William', 'Coriolanus', 'NA', 'en', 'TRUE']
The Man That Corrupted Hadleyburg, and Other Stories;['3251', '53', 'Twain, Mark', 'The Man That Corrupted Hadleyburg, and Other Stories', 'NA', 'en', 'TRUE']
Parmenides;['1687', '93', 'Plato', 'Parmenides', 'NA', 'en', 'TRUE']
Eight or Nine Wise Words about Letter-Writing;['38065', '7', 'Carroll, Lewis', 'Eight or Nine Wise Words about Letter-Writing', 'NA', 'en', 'TRUE']
The Ballad of Reading Gaol;['301', '111', 'Wilde, Oscar', 'The Ballad of Reading Gaol', 'NA', 'en', 'TRUE']
The Strength of the Strong;['1075', '120', 'London, Jack', 'The Strength of the Strong', 'NA', 'en', 'TRUE']
The Mysterious Stranger: A Romance;['50109', '53', 'Twain, Mark', 'The Mysterious Stranger: A Romance', 'NA', 'en', 'TRUE']
The Valley of Decision;['4327', '104', 'Wharton, Edith', 'The Valley of Decision', 'NA', 'en', 'TRUE']
A Daughter of the Snows;['14654', '120', 'London, Jack', 'A Daughter of the Snows', 'NA', 'en', 'TRUE']
Pauline's Passion and Punishment;"['8384', '102', 'Alcott, Louisa May', ""Pauline's Passion and Punishment"", 'NA', 'en', 'TRUE']"
Silver Pitchers: and Independence, a Centennial Love Story;['34920', '102', 'Alcott, Louisa May', 'Silver Pitchers: and Independence, a Centennial Love Story', 'NA', 'en', 'TRUE']
Oliver Twist, Vol. 3 (of 3);['47531', '37', 'Dickens, Charles', 'Oliver Twist, Vol. 3 (of 3)', 'NA', 'en', 'TRUE']
The Game of Logic;['4763', '7', 'Carroll, Lewis', 'The Game of Logic', 'Philosophy', 'en', 'TRUE']
The Mill on the Floss;['6688', '90', 'Eliot, George', 'The Mill on the Floss', 'Harvard Classics', 'en', 'TRUE']
The Night-Born;['1029', '120', 'London, Jack', 'The Night-Born', 'NA', 'en', 'TRUE']
Extract from Captain Stormfield's Visit to Heaven;"['1044', '53', 'Twain, Mark', ""Extract from Captain Stormfield's Visit to Heaven"", 'NA', 'en', 'TRUE']"
A Portrait of the Artist as a Young Man;['4217', '1039', 'Joyce, James', 'A Portrait of the Artist as a Young Man', 'NA', 'en', 'TRUE']
Anthem;['1249', '572', 'Rand, Ayn', 'Anthem', 'NA', 'en', 'TRUE']
Apology, Crito, and Phaedo of Socrates;['13726', '93', 'Plato', 'Apology, Crito, and Phaedo of Socrates', 'Harvard Classics', 'en', 'TRUE']
The Passionate Pilgrim;['1544', '65', 'Shakespeare, William', 'The Passionate Pilgrim', 'NA', 'en', 'TRUE']
Spinning-Wheel Stories;['36221', '102', 'Alcott, Louisa May', 'Spinning-Wheel Stories', 'NA', 'en', 'TRUE']
The Little Lady of the Big House;['6455', '120', 'London, Jack', 'The Little Lady of the Big House', 'NA', 'en', 'TRUE']
Lysis;['1579', '93', 'Plato', 'Lysis', 'NA', 'en', 'TRUE']
Sketches of Young Gentlemen;['918', '37', 'Dickens, Charles', 'Sketches of Young Gentlemen', 'NA', 'en', 'TRUE']
The $30,000 Bequest, and Other Stories;['142', '53', 'Twain, Mark', 'The $30,000 Bequest, and Other Stories', 'NA', 'en', 'TRUE']
The Mysterious Affair at Styles;['863', '451', 'Christie, Agatha', 'The Mysterious Affair at Styles', 'Detective Fiction', 'en', 'TRUE']
On the Decay of the Art of Lying;['2572', '53', 'Twain, Mark', 'On the Decay of the Art of Lying', 'NA', 'en', 'TRUE']
Second Thoughts are Best: Or a Further Improvement of a Late Scheme to Prevent Street Robberies;['32404', '204', 'Defoe, Daniel', 'Second Thoughts are Best: Or a Further Improvement of a Late Scheme to Prevent Street Robberies', 'NA', 'en', 'TRUE']
Songs From Alice in Wonderland and Through the Looking-Glass;['36308', '7', 'Carroll, Lewis', 'Songs From Alice in Wonderland and Through the Looking-Glass', 'NA', 'en', 'TRUE']
The Cricket on the Hearth;"['20795', '37', 'Dickens, Charles', 'The Cricket on the Hearth', ""Children's Literature"", 'en', 'TRUE']"
Relativity : the Special and General Theory;['5001', '1630', 'Einstein, Albert', 'Relativity : the Special and General Theory', 'Physics', 'en', 'TRUE']
Ethan Frome;['4517', '104', 'Wharton, Edith', 'Ethan Frome', 'NA', 'en', 'TRUE']
The Curious Republic of Gondour, and Other Whimsical Sketches;['3192', '53', 'Twain, Mark', 'The Curious Republic of Gondour, and Other Whimsical Sketches', 'NA', 'en', 'TRUE']
Of Captain Mission;['7779', '204', 'Defoe, Daniel', 'Of Captain Mission', 'NA', 'en', 'TRUE']
Julius Caesar;['1522', '65', 'Shakespeare, William', 'Julius Caesar', 'NA', 'en', 'TRUE']
Love's Labour's Lost;"['1510', '65', 'Shakespeare, William', ""Love's Labour's Lost"", 'NA', 'en', 'TRUE']"
The Road;['14658', '120', 'London, Jack', 'The Road', 'NA', 'en', 'TRUE']
Pictures from Italy;['650', '37', 'Dickens, Charles', 'Pictures from Italy', 'NA', 'en', 'TRUE']
Timon of Athens;['2262', '65', 'Shakespeare, William', 'Timon of Athens', 'NA', 'en', 'TRUE']
The New Hudson Shakespeare: Julius Casar;['28334', '65', 'Shakespeare, William', 'The New Hudson Shakespeare: Julius Casar', 'NA', 'en', 'TRUE']
Bunner Sisters;['311', '104', 'Wharton, Edith', 'Bunner Sisters', 'NA', 'en', 'TRUE']
Great Expectations;['1400', '37', 'Dickens, Charles', 'Great Expectations', 'Best Books Ever Listings', 'en', 'TRUE']
TRUE;['Audio performance', 'NA', 'en', 'TRUE']
Extracts from Adam's Diary, translated from the original ms.;"['1892', '53', 'Twain, Mark', ""Extracts from Adam's Diary, translated from the original ms."", 'NA', 'en', 'TRUE']"
Statesman;['1738', '93', 'Plato', 'Statesman', 'NA', 'en', 'TRUE']
Protagoras;['1591', '93', 'Plato', 'Protagoras', 'NA', 'en', 'TRUE']
Over Strand and Field: A Record of Travel through Brittany;['14233', '574', 'Flaubert, Gustave', 'Over Strand and Field: A Record of Travel through Brittany', 'NA', 'en', 'TRUE']
Monday or Tuesday;['29220', '89', 'Woolf, Virginia', 'Monday or Tuesday', 'NA', 'en', 'TRUE']
The People of the Abyss;['1688', '120', 'London, Jack', 'The People of the Abyss', 'NA', 'en', 'TRUE']
The Iliad;['2199', '705', 'Homer', 'The Iliad', 'Classical Antiquity', 'en', 'TRUE']
The Call of the Wild;"['215', '120', 'London, Jack', 'The Call of the Wild', ""Movie Books/Adventure/Banned Books from Anne Haight's list/Best Books Ever Listings/Animals-Domestic"", 'en', 'TRUE']"
The Master Builder;['4070', '861', 'Ibsen, Henrik', 'The Master Builder', 'NA', 'en', 'TRUE']
Our Mutual Friend;['883', '37', 'Dickens, Charles', 'Our Mutual Friend', 'NA', 'en', 'TRUE']
Antony and Cleopatra;['1534', '65', 'Shakespeare, William', 'Antony and Cleopatra', 'NA', 'en', 'TRUE']
Mugby Junction;['1419', '37', 'Dickens, Charles', 'Mugby Junction', 'NA', 'en', 'TRUE']
Selected Poems of Oscar Wilde;['1141', '111', 'Wilde, Oscar', 'Selected Poems of Oscar Wilde', 'NA', 'en', 'TRUE']
Sense and Sensibility;['161', '68', 'Austen, Jane', 'Sense and Sensibility', 'NA', 'en', 'TRUE']
The Faith of Men;['1096', '120', 'London, Jack', 'The Faith of Men', 'NA', 'en', 'TRUE']
